Question,Answer,,,,,,,,,,,,,,,,,,,,,,,,,,,,
Question,Answer,,,,,,,,,,,,,,,,,,,,,,,,,,,,
Technologies used?, The technologies used include ReactJS,,,,,,,,,,,,,,,,,,,,, Pymongo, NLTK,Boto3, Summarizer, Openai, Sentence Transformers, and Sentry, Bert Extractive.
Which technologies used to create this project?, The technologies used to create this project are ReactJS,,,,,,,,,,,,,,,,,,,,, pymongo, nltk,boto3, summarizer, OpenAI, sentence transformers, sentry, Bert extractive.
How many Language use?,Python and ReactJS are used in this project.,,,,,,,,,,,,,,,,,,,,,,,,,,,,
Which type of storage has used?,MongoDB is used for storage.,,,,,,,,,,,,,,,,,,,,,,,,,,,,
Any bucket storage is using?,Yes,,,,,,,,,,,,,,,,,,,,,,,,,,,,
Which bucket storage has used?,AWS S3 is the bucket storage used.,,,,,,,,,,,,,,,,,,,,,,,,,,,,
Which database has been used?,MongoDB,,,,,,,,,,,,,,,,,,,,,,,,,,,,
Is any horizontal database using?,No,,,,,,,,,,,,,,,,,,,,,,,,,,,,
Which wsgi is using?,It looks like Flask is the WSGI being used.,,,,,,,,,,,,,,,,,,,,,,,,,,,,
Frontend language?, The frontend language used in the Technical Specification Document (TSD) for Rapid Trance is ReactJS,,,,,,,,,,,,,,,,,,,,,,,,,,,,
Which type of frontend language use?, ReactJS,,,,,,,,,,,,,,,,,,,,,,,,,,,,
Any specific reason to use react or node js?, No,,,,,,,,,,,,,,,,,,,,,,,,,,,,
Why pychram,Pycharm is an Integrated Development Environment (IDE) used for Python development. It provides code completion,,,,,,,,,,,,,,,,,,,,,,,,,,,,
Is project Containerisation based ?,Yes,,,,,,,,,,,,,,,,,,,,,,,,,,,,
which Containerisation?,"Deployment Guidelines in the document mention containerisation as one of the technologies used. The section is titled ""9. Deployment Guidelines"" and it states ""Git repositories are configured with pipelines which create docker images and get deployed via K8 pods as shown above.""",,,,,,,,,,,,,,,,,,,,,,,,,,,,
is using?,No,,,,,,,,,,,,,,,,,,,,,,,,,,,,
Vpc,VPC stands for Virtual Private Cloud and is a virtual,,,,,,,,,,,,,,,,,,,,,,,,,,,,
What is purpose of this project?,The purpose of this project is to allow the user to explore and create NFT pages by clicking on relevant buttons from the hero section and to get to know the platform and provide a better introduction.,,,,,,,,,,,,,,,,,,,,,,,,,,,,
Purpose,The purpose of this document is to provide a technical specification of the Rapid Trance platform,,,,,,,,,,,,,,,,,,,,,,,,,,,,
Any risk in this project?,Yes,,,,,,,,,,,,,,,,,,,,,,,,,,,,
Description of rapid transcriber?,Rapid transcriber is a tool that is used to capture transcripts of meetings,,,,,,,,,,,,,,,,,,,,,,,,,,,,
Description of project?,Rapid Trance Version 1.0 is a technical specification document outlining the technology stack,,,,,,,,,,,,,,,,,,,,,,,,,,,,
Summary of project?,This project is a Technical Specification Document (TSD) for Rapid Trance,,,,,,,,,,,,,,,,,,,,,,,,,,,,
Importante note of rapid transcriber?,Rapid transcriber is an automated transcription service that uses artificial intelligence and natural language processing to quickly and accurately generate transcripts from audio and video files. It supports multiple languages,,,,,,,,,,,,,,,,,,,,,,,,,,,,
How to login?,Login with google account to get authorised from google.,,,,,,,,,,,,,,,,,,,,,,,,,,,,
How many libraries has use?,There are 11 libraries mentioned in the context: Beautifulsoup,,,,,,,,,,,,,,,,,,,,,,,,,,,,
Give me list of libraries?,I don't know.,,,,,,,,,,,,,,,,,,,,,,,,,,,,
Give me list of backend language and frontend?,The backend language is Python and the frontend is ReactJS,,,,,,,,,,,,,,,,,,,,,,,,,,,,
List of SDKs,Beautifulsoup,,,,,,,,,,,,,,,,,,,,,,,,,,,,
Tolal list of libraries,The total list of libraries includes Beautifulsoup,,,,,,,,,,,,,,,,,,,,, Bert Extractive,Paraphrase MiniLM L6 v2 (Sentence Transformer Model),and Paraphrase MiniLM L6 v2 (SBertSummarizer Model).,,,,,
Estimate of this project,I don't know.,,,,,,,,,,,,,,,,,,,,,,,,,,,,
Is bot joining 2 min before?,No,,,,,,,,,,,,,,,,,,,,,,,,,,,,
Give me list of functionality?, The list of functionality provided by the platform includes creating and selling NFTs,,,,,,,,,,,,,,,,,,,,,,,,,,,,
How long before the bot will join the meet?, The bot will join the meet after the meeting has been scheduled and the post API has been hit. The bot will then use selenium python and beautiful soup python library to fetch all transcripts from the meet.,,,,,,,,,,,,,,,,,,,,,,,,,,,,
How long before bot will join?, This depends on the event being created and the details being fetched from the database. Generally,,,,,,,,,,,,,,,,,,,,,,,,,,,,
The major functionality, The major functionality described in the context is the ability for users to explore and create NFT pages by clicking on relevant buttons from the hero section.,,,,,,,,,,,,,,,,,,,,,,,,,,,,
Is CI/CD used ?, Yes,,,,,,,,,,,,,,,,,,,,,,,,,,,,
Which CI/CD used for this project?, AWS Code Build | AWS Code Pipeline.,,,,,,,,,,,,,,,,,,,,,,,,,,,,
Is this project is live?, No,,,,,,,,,,,,,,,,,,,,,,,,,,,,
What is url of rapid transcriber?,The URL for Rapid Transcriber is https://rapid-trance.rapidinnovation.tech/api/v1/meeting.,,,,,,,,,,,,,,,,,,,,,,,,,,,,
How to use it?, This feature allows the user to explore and create NFT pages by clicking on relevant buttons from the hero section. The landing page consists of content describing how the platform helps the user in buying and selling NFTs. The landing page comprises seven sections: title content,,,,,,,,,,,,,,,,,,,,,,,,,,,,
Any Ml or AI model has used ?, Yes,,,,,,,,,,,,,,,,,,,,,,,,,,,,
For which function AI are used ?, AI is used for sentiment analysis,,,,,,,,,,,,,,,,,,,,,,,,,,,,
For which function ML are used?, ML is used for sentiment analysis,,,,,,,,,,,,,,,,,,,,,,,,,,,,
For which function AI or ML are used ?,AI and ML are used for sentiment analysis,,,,,,,,,,,,,,,,,,,,,,,,,,,,
History of documentation,The Document History section of the Technical Specification Document (TSD) for Rapid Trance Version 1.0 outlines the date,,,,,,,,,,,,,,,,,,,,,,,,,,,,
What is bot ?, A bot is a software application that is programmed to perform a specific task or set of tasks. Bots are used to automate a variety of tasks,,,,,,,,,,,,,,,,,,,,,,,,,,,,
How bot is joining the meet?, After the meeting is created,,,,,,,,,,,,,,,,,,,,,,,,,,,,
what is behind process of bot to join meet?, After creating an event,,,,,,,,,,,,,,,,,,,,,,,,,,,,